product_category_name,revenue,items_sold,average_item_price,revenue_share
beleza_saude,1258681.34,9670,130.16353050672183,9.384664219706629
relogios_presentes,1205005.68,5991,201.13598397596394,8.984461221645866
cama_mesa_banho,1036988.68,11115,93.29632748538012,7.731734992938567
esporte_lazer,988048.97,8641,114.34428538363615,7.3668429978289725
informatica_acessorios,911954.32,7827,116.51390315574294,6.799485147615591
moveis_decoracao,729762.49,8334,87.56449364050876,5.4410721054997255
cool_stuff,635290.85,3796,167.357968914647,4.736696350088109
utilidades_domesticas,632248.66,6964,90.78814761631246,4.714013935774611
automotivo,592720.11,4235,139.95752302243213,4.419291072208615
ferramentas_jardim,485256.46,4347,111.63019553715206,3.6180475493054507
brinquedos,483946.6,4117,117.54836045664318,3.608281299593014
bebes,411764.89,3065,134.34417292006526,3.0700981315210694
perfumaria,399124.87,3419,116.73731207955542,2.9758547836135074
telefonia,323667.53,4545,71.21397799779977,2.4132486844301844
moveis_escritorio,273960.7,1691,162.0110585452395,2.0426370815156294
papelaria,230943.23,2517,91.75336909018672,1.7219010074181909
pcs,222963.13,203,1098.3405418719212,1.6624017866387035
pet_shop,214315.41,1947,110.0746841294299,1.5979248250067457
instrumentos_musicais,191498.88,680,281.616,1.4278059347808345
eletroportateis,190648.58,679,280.7784683357879,1.421466141115492
eletronicos,160246.74,2767,57.913530899891576,1.1947915643228897
consoles_games,157465.22,1137,138.49183817062445,1.1740526923059276
fashion_bolsas_e_acessorios,152823.54,2031,75.24546528803545,1.1394445616925606
construcao_ferramentas_construcao,144677.59,929,155.7347578040904,1.0787087717264368
malas_acessorios,140429.98,1092,128.59888278388277,1.0470388070423904
eletrodomesticos_2,113317.74,238,476.12495798319327,0.8448913209724859
casa_construcao,83088.12,604,137.56311258278146,0.6195008077633778
eletrodomesticos,80171.53,771,103.98382619974059,0.5977548606783482
agro_industria_e_comercio,72530.47,212,342.12485849056606,0.5407835049397849
moveis_sala,68916.56,503,137.0110536779324,0.5138383753089285
telefonia_fixa,59583.0,264,225.6931818181818,0.4442478254287777
casa_conforto,58572.04,434,134.95861751152074,0.4367101589535167
climatizacao,55024.96,297,185.26922558922558,0.4102633104124579
audio,50688.5,364,139.25412087912088,0.37793088463566116
portateis_casa_forno_e_cafe,47445.71,76,624.2856578947368,0.3537528068983504
livros_interesse_geral,46856.88,553,84.73215189873417,0.3493625202889614
moveis_cozinha_area_de_servico_jantar_e_jardim,46328.37,281,164.8696441281139,0.34542197653961404
construcao_ferramentas_iluminacao,41080.0,304,135.1315789473684,0.30629039606287345
construcao_ferramentas_seguranca,40544.52,194,208.99237113402063,0.3022978843471055
industria_comercio_e_negocios,39669.61,268,148.0209328358209,0.2957745997701978
alimentos,29393.41,510,57.63413725490196,0.2191557738689977
market_place,28378.47,311,91.24909967845659,0.21158843271563713
construcao_ferramentas_jardim,25715.89,238,108.04995798319328,0.19173637130499724
artes,24202.64,209,115.8021052631579,0.180453656070281
fashion_calcados,23562.77,262,89.93423664122137,0.17568281781008746
bebidas,22428.7,379,59.17862796833773,0.16722724942004308
sinalizacao_e_seguranca,21509.23,199,108.08658291457286,0.16037172774360856
moveis_quarto,20028.78,109,183.7502752293578,0.14933356764498926
livros_tecnicos,19096.06,267,71.52082397003745,0.1423792546407107
construcao_ferramentas_ferramentas,15903.95,103,154.40728155339806,0.1185790444124668
alimentos_bebidas,15179.48,278,54.602446043165465,0.11317743284392567
fashion_roupa_masculina,10797.82,132,81.80166666666666,0.08050799816006855
fashion_underwear_e_moda_praia,9541.55,131,72.83625954198473,0.07114131276907766
artigos_de_natal,8800.82,153,57.52169934640523,0.06561846746538602
tablets_impressao_imagem,7528.41,83,90.70373493975903,0.05613144305315718
cine_foto,6933.46,72,96.29805555555555,0.051695526034228105
musica,6034.35,38,158.79868421052632,0.044991807484956195
dvds_blu_ray,5999.39,64,93.74046875,0.04473114749843336
livros_importados,4639.85,60,77.33083333333333,0.03459448622620067
artigos_de_festas,4485.18,43,104.30651162790697,0.03344127455241672
moveis_colchao_e_estofado,4368.08,38,114.94947368421053,0.03256818289275356
portateis_cozinha_e_preparadores_de_alimentos,3968.53,15,264.5686666666667,0.02958915836142637
fashion_roupa_feminina,2803.64,48,58.409166666666664,0.020903797614842127
fashion_esporte,2119.51,30,70.65033333333334,0.015802959039903138
la_cuisine,2054.99,14,146.785,0.015321901192922208
artes_e_artesanato,1814.01,24,75.58375,0.013525166537536833
fraldas_higiene,1567.59,39,40.19461538461538,0.011687871518115867
pc_gamer,1545.95,9,171.7722222222222,0.011526524775886057
flores,1110.04,33,33.63757575757576,0.008276401929056282
casa_conforto_2,760.27,30,25.342333333333332,0.005668534552451821
cds_dvds_musicais,730.0,14,52.142857142857146,0.00544284296801114
fashion_roupa_infanto_juvenil,569.85,8,71.23125,0.004248772692220751
seguros_e_servicos,283.29,2,141.645,0.0021121958690518846
