month,orders,revenue,avg_item_price,aov
2016-09-01,3,267.36,44.56,89.12
2016-10-01,308,49507.66,136.384738292011,160.73915584415585
2016-12-01,1,10.9,10.9,10.9
2017-01-01,789,120312.87,125.98206282722514,152.4877946768061
2017-02-01,1733,247303.02,126.75705791901589,142.70226197345644
2017-03-01,2641,374344.3,124.78143333333334,141.74339265429762
2017-04-01,2391,359927.23,134.10105439642325,150.53418235048096
2017-05-01,3660,506071.14,122.3576257253385,138.27080327868853
2017-06-01,3217,433038.6,120.85922411387106,134.6094497979484
2017-07-01,3969,498031.48,110.2083381279044,125.48034265558076
2017-08-01,4293,573971.68,116.89850916496945,133.69943629163754
2017-09-01,4243,624401.69,129.24895259780584,147.16042658496346
2017-10-01,4568,664219.43,124.8063566328448,145.40705560420315
2017-11-01,7451,1010271.37,116.59219503750721,135.58869547711717
2017-12-01,5624,743914.17,117.9318595434369,132.274923541963
2018-01-01,7220,950030.36,115.7444395711501,131.58315235457064
2018-02-01,6694,844178.71,110.03372132429614,126.10975649835673
2018-03-01,7188,983213.44,119.65601070950468,136.7853978853645
2018-04-01,6934,996647.75,124.97150470219435,143.73345111047016
2018-05-01,6853,996517.68,125.74355583596214,145.41334889829272
2018-06-01,6160,865124.31,122.22722661768861,140.44225811688312
2018-07-01,6273,895507.22,126.27005358150028,142.75581380519688
2018-08-01,6452,854686.33,117.92029939293599,132.46843304401736
2018-09-01,1,145.0,145.0,145.0
